fid,notificationToken,added
12,null,false
1103,null,false
1350,null,false
1397,0198df28-4341-bcdd-e89d-1591f56554db,true
1631,null,false
1733,null,false
1870,null,false
2783,null,false
2802,null,false
3295,null,false
3558,null,false
3621,null,false
4282,null,false
5842,null,false
6852,0198f7c6-1482-eaae-25c5-59f3e9a497aa,true
7590,null,false
7674,0198da07-6b84-79d3-91ea-91e3def3e414,true
7681,0198ed41-0d44-601b-ffa1-4dd79a2b27ea,true
7988,null,false
8004,null,false
8763,null,false
10032,0199498c-63ac-c775-e734-5b7038b37c01,true
10715,null,false
10976,null,false
11617,0198db56-e4d9-ddf5-9959-cbe5fa14e200,true
11961,null,false
12309,null,false
13175,null,false
13351,0198e09b-4597-59dc-4d62-1a5e138c0162,true
13426,null,false
13626,null,false
13874,019935e1-346d-d757-4a08-6bd7d4d7530e,true
14418,null,false
14432,null,false
15104,null,false
16075,01990a97-b26f-e1a9-b2c9-c6610c7d4433,true
16085,null,false
16956,0198dd26-7a05-220a-38cb-6bef67c897d6,true
17406,null,true
17474,0199485e-3639-0be5-ed38-ebff65d88025,false
17491,null,false
17652,null,false
17918,null,false
19742,null,false
20359,null,false
21024,019937d0-3856-9d4d-ccff-4e043479ae06,true
21431,null,false
24204,null,false
187800,null,false
189052,0198dae1-6be6-5e1b-3c82-23d87dc31f7f,true
190653,null,false
191432,null,false
192377,0198db54-18b6-9caa-e173-816063da5cc3,true
193235,0198da4e-00f8-1825-1966-ef548065c5a0,true
193247,null,false
193874,null,false
196920,null,false
197377,0198e90e-8bc0-8074-d037-c089ef8112c8,true
199190,019948c2-18a7-9e38-50db-fb67bd4d4bbd,true
200588,0198dce3-ab93-abbb-8d7a-48f0a74370c4,false
202051,null,false
202461,null,false
202576,0198d91f-015e-7999-0f0c-08e65534a3d6,true
204385,0199436b-e3ed-2750-65dc-1c873d5f6b14,true
205083,0198d8aa-87e6-49cb-0b4b-f63d37311591,true
208189,019911e7-7205-a650-cf3c-82aff53176e1,true
208744,019949c3-8d39-012a-bf1d-158d9a79debe,true
210571,0198f4e3-576d-25b1-89b0-b7b1b74a5800,true
211047,null,false
212581,0198dc33-0363-5fb0-fea5-aa6bc77a44d8,true
213543,null,false
216583,01995e7e-626e-9baf-9ea4-d6fa19ef210e,true
217617,0198e4b3-2d9e-6cb8-a436-da02baca9260,true
218950,null,false
219113,019955bb-d1a5-56e3-1151-32796b5feb2c,true
222942,0198df36-18f4-4b50-da58-a5eda26fa989,true
227551,0198e226-1d76-14e7-cbe8-cdb4444a6a41,true
229801,null,false
229843,null,false
234598,null,false
234943,null,false
234986,0198d909-c84b-afd9-0dc3-cb0d4ca0e030,true
235048,null,false
235390,null,false
235888,null,false
236578,0198ec89-6685-76a8-da73-311cece17309,true
236598,null,false
237254,null,false
237463,0198d953-04d2-4c92-3be9-8d90f55df901,true
237884,null,false
238032,null,false
238383,0198ddbf-8148-c47c-83d4-4e5898381baf,true
239526,0198dd8c-e8a0-a809-a616-e30d9fe4ffde,true
240012,null,false
240255,0198d9b3-d7e1-b028-c0d6-c0219003f81e,true
243108,null,false
243225,null,false
243913,null,false
244445,0198d840-8ae9-144e-5eeb-227d241f0ef4,true
245286,0198deaa-4953-4115-43fd-659b63041157,true
245433,0198d9be-789a-d994-b5f3-188c75e31f55,true
246010,null,false
248344,null,false
248451,0198e057-e292-04a8-c592-46668ac468c8,true
248576,01994ddb-e2c4-d33a-d4c1-f9ea719c11b9,true
248626,null,false
249432,null,false
249629,0198e72d-6712-f8b7-dfd6-b82a25f26abf,true
249702,0198d74d-1732-b8c3-365f-d8fa987c70b0,true
251076,0198dbac-f953-446f-9071-4d2df7ace5e1,true
251230,019964a5-9c4f-84b3-25ed-46348dc4f2de,true
251745,0198d8a0-f5aa-8eae-3663-a958490bffbe,true
252673,null,false
252720,null,false
252726,null,false
252853,0198eccf-34c2-72e2-66b0-7795cb811d3e,true
253598,null,false
254210,0198d7d1-48e8-2ba9-b057-7bafec72defa,true
254438,0198d99e-d134-c0b9-757a-b7b034725cf6,true
254929,0198d82d-2fed-d92b-0be5-e03f534b5248,true
255802,null,false
255868,0198e04f-34ea-ebb8-7776-5a90740c9b47,true
255996,null,false
256014,null,false
256076,0198dfae-bf91-34fe-460e-fbd522e2f928,true
256357,null,false
256500,null,false
257004,0198dbc8-e284-23fb-e821-69bd4e10531c,true
257505,null,false
257789,null,false
258192,0198d91a-9ec7-4a81-7608-b51dbbc009cb,true
258255,null,false
258379,01991b03-5f13-7281-4c0f-092e64a7fb36,true
258796,0199091e-fe33-d142-26f8-a18731e387ec,true
259624,0198e696-dec5-2317-8bfc-f67b5417decb,true
259913,null,false
260029,0198dab8-460f-4265-0da7-68829a748d4d,true
260203,null,false
260299,null,false
260655,0199576e-cc76-75d8-65f6-93c87fd4808d,true
260656,null,false
261023,null,false
261208,null,false
261260,0199132e-33dc-1372-cf99-629b5bb20254,true
261895,01994a02-e449-3cf3-95d9-510c40f06c82,true
261986,null,false
262209,019942c4-1c25-1b33-573c-476efdde5360,true
262438,0198d90d-5395-3580-bd39-86184b1cc4e8,true
263624,null,false
263801,null,false
264988,0198dd8b-b335-2592-4f18-3b98c66c02e6,true
265504,null,false
265611,0198daf1-deea-2f45-7ba9-e42ce257dd39,true
266547,01990052-30b3-8119-e60f-bb994828f2d4,true
266617,01990d84-d825-215a-7e67-d952d1a04213,true
267104,null,false
267710,null,false
268242,01999f4b-9c8d-c387-4d8c-398eefcc8803,true
268485,01999ee1-7317-c2c5-6508-9eb33e04be78,true
268669,01999ec5-6aec-f070-5766-95d9befb2c05,true
270090,01999f6e-ad00-9b46-1d19-e71c7ea1a523,true
270149,null,false
270186,01999ed6-addb-a3e7-4bbf-f44a4e037795,true
271980,0199430c-cf82-3278-97ab-3a3505d4a241,true
272564,null,false
273123,0198eb63-1823-6695-7332-1f7df40c7fea,true
273338,01995f78-77f7-9182-af95-c5a6df1f4f80,true
273490,null,false
273957,0198f171-61f0-5172-b7fb-2e20f0b8a67f,true
274933,null,false
277093,null,false
278931,01997830-c151-44b6-646b-e2f49da64d37,true
279528,null,false
280104,0198ed9a-b7dc-182a-dc6a-c52db3ee7c2b,true
280191,null,false
280733,null,false
281505,0199d9d6-d804-ae93-f15b-165a84af0ad4,true
284713,null,false
285604,null,false
286663,0198d8c5-bcbf-dabb-a220-26e62e76f9eb,true
286812,0198f1bc-314b-a445-e14c-49970e3dd9c4,true
286924,null,false
288419,null,false
289203,null,false
290129,null,true
291300,0198e6a9-048f-427e-a83c-808c1f97a671,true
291302,0198d7de-35f3-2153-2f4a-4297d06074ed,true
291844,null,false
292188,null,false
292298,0198da60-274d-bd26-5ee1-0a6a72998104,true
292789,0199b432-ab5f-42a2-8273-85d8df830039,true
293153,0199aa60-ca7c-07a6-0b06-1574bbee6022,true
293269,null,false
294039,null,false
294918,null,false
298464,0198d900-a87b-8bbe-47e6-eef45dcd3132,true
298610,019954b5-102a-3bdc-946d-5ef908204832,true
299395,null,false
299597,01992836-5ad9-750e-9894-bb57768c1393,false
299888,null,false
299894,0198d853-8faf-70c7-80af-a898c4f4ad8d,true
299977,0198fd75-d256-34a5-bfcf-3e0ea8d4a6ab,true
302097,0198fa4d-6354-4d20-7fdb-1868d81d15a3,true
302896,null,false
303150,0198dab5-da3f-c718-9137-c72ee4e0fce6,true
303198,0198d844-22b2-ecdd-6c5b-89e766dea304,true
304381,0198f64d-ac61-e916-367b-f3a02060bd4e,true
304671,null,false
304808,0198debb-3c33-d551-fbfb-13c1f7a91b29,true
304817,01990f6e-cc99-a787-980b-2aa8f48246ed,true
305394,0198d98d-8a04-8006-9650-a6551d38c5a1,true
306577,0198f116-ed95-6860-97e1-a31e27a0ef7a,true
307746,null,false
308652,0199aaad-41ec-549d-3f10-6997cbaca006,true
309293,0198f7fc-102a-d3dc-d617-4746b2afa788,true
310901,null,false
310942,null,false
311327,0198d856-aceb-50e1-4818-09f847b3e66f,true
311386,null,false
311822,0198eea4-a031-7ea7-997a-91cbb50fd1c4,true
312418,0198f0ba-53f0-19e8-c3c6-353402e85ad3,true
312655,0198db68-fb74-e2eb-d8fc-b98394800927,true
313022,null,false
313461,0198e055-ea50-fe97-6c0c-ae366bca2bb6,true
314208,0198d33c-9001-7f49-41d4-1263b51b2190,true
315110,0198daff-4f52-e09d-f2bb-a6010b5391b9,true
315225,null,false
315699,null,false
315947,null,false
316864,null,false
317795,019951ae-c261-1be2-692a-90b9e1f584b3,true
318933,null,false
320938,null,false
321405,0198dc08-6026-74b9-b73f-646cf9bba38c,true
322083,01990725-eedb-d53b-039d-220e02076c05,true
323021,null,false
323378,0198dc9f-7f9f-c025-bc19-6e5c1386382b,true
323797,null,false
327821,null,false
328381,null,false
329017,null,false
329215,null,false
332816,019914c4-a37e-b49f-7928-a7c1ee0732fd,true
333041,019948cd-bca5-1e95-8355-23fa7daf60d2,true
333770,0198f228-1115-5f62-123d-1c7853d4ef96,true
336007,01997287-d75e-6eb5-f9d8-564ac2004367,true
336845,null,false
336873,0198d87d-b4e9-f742-af1e-05c842a66aff,false
337366,0198ea08-3b74-1939-43bf-2dc1c21feb76,false
338307,null,false
339908,0199071d-72e3-a134-3186-a8406790a77f,true
341222,null,false
341227,019953ff-4b41-219d-61e2-babdeaa9648a,true
341389,0198e7c0-619c-ab05-ea0c-4c733edfea17,true
341606,null,false
342038,0198dfd2-c663-1236-241a-39a48d566dba,true
342872,null,false
344024,0198d80b-6f60-463e-1d83-b91e941649b0,true
344620,null,false
345377,0198f624-56a9-dbc7-43be-cbf12134816d,true
345715,null,false
349664,null,false
352478,0198f6fe-c9c7-4643-543c-8ed668db5136,true
354028,0198df8d-d9fd-6553-c0a5-77772d5f2f30,true
355084,null,true
355748,0198dc66-6239-5e6d-3c4b-d21c8fb5e939,true
357596,0199422b-926a-794e-5648-b800bc0367f9,true
358098,01992f28-9042-b853-a8cb-959af5b142aa,true
362986,0198d973-3a52-01cd-64de-c0690358a665,true
366099,null,false
366869,0198e0a3-7d0d-fc94-bd1c-5cd39a2710ca,true
367713,0198dcfd-e53e-e529-3080-1b539f8c8bcf,true
370007,0198dc60-8563-abc3-aace-4dd4a67f1442,true
370759,0198d7de-5cd2-aa13-43a8-b74a6ddf3a6a,false
370899,null,false
374107,0198da12-1dff-febc-b92d-15220dad0853,true
374415,0198dad0-5681-3ee8-d687-6708585b50b7,true
376168,null,false
376504,null,false
378042,019909c7-8e86-bca0-b86d-e6f2243e9868,true
378397,null,false
380454,null,false
380885,0198e794-5614-3a7f-289e-d037c1b1f042,true
382654,null,true
382827,0198d8a3-eb8e-b8e5-0db9-2fdcf550850d,true
384428,0198d9b5-05ff-93e5-afba-de258745f48d,true
385152,null,false
385507,019907d8-1b64-e5b0-eb95-5ee4bf2dfb4f,true
390377,01996337-e581-93d8-bc37-379bdb963767,true
391943,0199445f-1b2a-0f67-b05f-773b7cfd4909,false
392724,null,false
394081,01990732-af0d-459f-4dc8-1f8bfdea7910,false
396057,01995209-c28a-84c1-9a37-8d8c08824d5a,true
398773,01990715-6757-f638-f882-3afee144ba1a,true
399310,0199471e-8a42-506e-779a-ce4e78083888,true
403020,null,false
403455,01990b25-52d6-b3b3-2eaf-5ae0b08e9e5c,true
404134,0198dadc-115d-2b4b-4dd9-54602e2237dc,true
404703,0198d9b3-465f-1ffe-d778-d141d4019e56,true
405451,01990720-c1b9-4e3c-3c0f-6203f10644fb,true
409857,01993805-65a4-9f6e-0667-183758f8780c,true
410023,null,false
410924,01990074-d428-fae6-e86f-172dd86c0abf,true
411120,019955b8-c7fd-59ef-731b-0ebb4b7fb84e,true
411935,null,false
412858,null,false
414819,null,false
415085,0198e05e-a96c-6255-1793-c3438511ee08,true
415745,null,false
416011,null,false
417195,null,false
417832,0198d841-891b-7dc1-a37b-60c6fb3c1f7d,true
418188,0198dae4-0218-7080-b557-089001824315,true
418782,0199071f-4c64-3228-35d2-3dd5b6e31de2,true
418816,0198de9b-af56-38ae-03da-abad3efa8e9c,true
419404,0198db41-5c36-f2a8-270c-ff68db7d36f0,true
419719,01990730-5d1f-ce27-b7ad-2e59d9e076f1,true
420575,0198dc38-57bf-a8a5-fb45-27ea0aeeb69c,true
421059,null,false
421163,null,false
421326,null,false
422858,01990ce8-62b0-49e8-72fb-07799c035ba8,true
422989,0198ec50-f4ac-f579-c0e5-daa48cc2c7d8,true
426002,null,true
426160,01990714-a8ac-a639-c9c3-f38f88bf1b5e,true
426533,null,false
426616,019941fe-fd1d-41ba-f555-ad7e41e30114,true
429919,null,false
430990,01994f4f-c2b9-41d5-5d78-40d6b37eea1a,true
432754,0198dbbf-47e7-6830-756e-7ea26d70b230,true
434268,01994c46-2328-93f5-3780-70b250716e74,true
434449,null,false
439682,null,false
439768,0198e256-e74d-9c0b-3fb7-2a1b14034e54,true
440024,0198eac0-d319-2aaa-2f30-a3aa2175dd04,true
440092,0199451f-d485-578f-831e-d8c3c55ec9f3,true
440212,null,false
440684,01992ab8-8f14-13f0-64e3-653b6508ef59,true
441067,null,false
441128,null,false
441474,01990717-c96d-5062-609a-5b4a9bfb329f,true
442064,null,false
448301,null,false
448304,01994780-c32e-5d5c-923b-c0a6e2a53b9e,true
449748,null,false
452500,null,false
453069,0198d88f-8dbe-d77b-9b3b-a6b12350078a,true
457756,0198fec3-dddc-5153-b97f-cbf0feb4f400,true
458655,0198dcaa-4a38-228c-0c5c-54274d60eb75,true
459830,0198d9cc-ce7a-7908-b8a1-334c00e753d6,true
460432,0198f989-9e02-8b91-d199-f4800877f5d1,true
462311,0198dba3-addf-fcc9-ee5d-ca268c909998,true
466808,0198dc9e-f828-5f19-ab2e-c583d6b570dc,true
468848,null,false
469763,null,false
476618,0198d8e0-92df-13d1-da41-7efbe80ff8d6,true
476979,null,false
477311,0199e4e3-2e5c-9c60-4e5c-5191d2d01ddd,true
479565,null,false
481872,null,false
486180,null,true
487460,null,false
488984,0198d955-1c57-7477-468b-1d365b74d805,true
492266,0199070a-2c30-fa4b-7fb8-a2343eb07294,true
492284,01994efa-379b-6599-95d9-8c2be6363547,true
492899,null,false
496322,null,false
500916,0198d6c7-cf1a-b149-52e8-e333038c29c9,true
501244,null,false
501667,0198db1d-fd6f-3b84-c06e-72917e3ea84e,true
506958,019975ef-c5eb-5f97-6b7d-483cd82f0f9d,true
507839,0198f348-8b44-0280-83de-b07b82fb4507,true
508810,01995379-c3d8-31b4-5e37-7935fb958de7,true
508826,null,false
509587,null,false
510831,null,false
511692,null,false
513261,null,false
513318,0198dd9c-937e-5c5d-7c0d-526986ad8fda,false
517677,0198da25-ce91-e918-f582-ba6bca352d49,true
518086,0198f13c-e3be-7912-fd7a-bf8f8ad2b409,true
518344,null,false
518973,0198e81c-4e4e-5618-5c5a-6aff8c019e24,true
519592,null,false
520708,0198d96d-ce40-473e-fed5-333fd261ff5e,true
521994,01990aa8-b078-5604-2ddf-85909a23a191,true
522461,null,false
522757,null,false
523489,0198f2e5-2f3b-d403-29c5-ef7bbee3a3f9,true
524530,01994947-c10d-375d-59bd-c4384e77a0d0,true
525038,019942ac-5643-9927-525e-086c935a6fe9,true
525816,0199a621-c730-c968-0b06-4af4d309ebd3,true
526605,0199575c-80b0-e9fc-341f-a068fced1fa4,true
527155,null,false
528404,null,false
528421,0198d8ae-354a-d12e-0a3d-fe68ef9f203a,true
529037,null,false
531062,0199224b-b259-f173-b363-722170774b79,true
532017,null,false
533436,null,false
533533,null,false
534410,01996ebc-1fc2-e4c5-fbb0-327b22f03a74,true
535041,01999d4e-771a-886a-e2b0-319604cd4e8c,true
535087,01999faa-0046-98e3-a606-be907bd6beeb,true
535103,01999d60-138d-7a48-7988-dde10edf875d,true
535733,null,false
536359,null,false
538697,0198f65b-861a-62d8-3906-0407c84a683d,true
540280,null,false
540549,null,false
541039,0199644c-efe8-67ee-5083-9e57cdb47f01,true
541610,0198f738-8bc2-9126-9a3d-44fae58c1c24,true
542449,null,false
542629,null,false
542653,null,false
544904,0198ea5d-764e-4255-4539-5e05a5948316,true
545479,01999d41-9c7c-7342-f7ff-317600dde8ad,true
545541,null,false
547375,null,false
547731,01995226-43bd-cc52-7061-69e7d81431b5,true
549700,null,false
552562,0198d9aa-3041-d340-1d1f-66f5a0ec4a81,false
552615,0198f4be-48c0-fc34-b2de-60609e535c2c,true
553016,null,false
554203,0198d979-3836-f4c6-d612-36cdd22610a6,true
556702,0198fe12-f314-0408-997d-599a8c902115,true
557769,null,false
558362,0198db0b-8e1c-fa07-2e99-eaf5063dbe36,true
559339,null,false
561229,0198da15-531c-5e8d-04d4-fd9aa156293b,true
581426,null,false
593236,01990f6b-09eb-3746-9526-30646a579070,true
593681,019941df-3ce5-6f34-08e2-d0d72cf18d8b,true
600562,null,false
600635,null,false
601844,0198dc6a-613f-ddbe-ea15-7dd733976e4d,true
605485,0198db14-8c26-dcfc-cf41-2c37fb990e6b,true
606473,0198d999-11af-5f3c-39fa-9cef78dbbd06,true
611067,null,false
613186,0198df9d-c0bf-53f8-00be-821466d285e7,true
614240,null,false
615647,0198d7f8-a58a-2bf6-8fea-f4103e868768,true
617728,null,false
618687,0198d8aa-aede-292d-f5c1-488d17366e3e,true
625011,null,false
627306,01991991-cc95-8485-e088-33081455ebf5,true
627676,null,false
630231,0198d83e-a5ec-4c62-8c45-10cc3a7fff8b,true
631065,01995589-d6cf-f5b3-6295-5a883ec047ee,false
631348,null,false
636966,0198d9aa-8eef-423f-90ee-5646c9c1c1b9,true
636968,null,false
639880,0198daea-8bdc-9d72-22c5-06ce0b06a079,true
649223,null,true
649728,0199008a-cadb-4093-db11-c1df5385b85e,true
650620,0198dfed-c849-f187-b43c-2c30c9097dec,true
653074,0198d788-c44e-5b95-8318-73d759a0836f,true
653438,0198de47-37ff-65a1-23ae-8c4820ab2fbb,true
654520,null,false
656904,null,false
657370,null,false
659443,0198db72-e3bb-cdb6-c0fb-392fa4d5c7d6,true
664562,null,false
673126,null,false
676576,0198f9ea-8ab2-455e-139e-039b7aa238f8,true
677840,0198e50f-ada1-9d79-454a-444c50ad9d1c,true
688178,01995498-115a-b3c2-a318-8a295a4aca3f,true
689487,0198f166-4ea3-5a49-8512-8a0314fb51ca,true
689767,0198f245-f7c8-58af-c1d4-6d938606af2d,true
691634,0198e34a-2ca4-7834-c10b-5ef054af8d81,true
692211,019935ee-163f-7a42-7ba9-3668915118ac,true
693718,0198f19c-5294-82dd-17e6-f2108e6b73dd,true
694274,0198f16c-1d88-c668-10f8-f859e26c07c8,true
694609,0198e81c-4375-7d9a-c62f-a2ecf0d84ee2,true
698239,01996c00-6528-afea-f716-b2402f07bfab,true
698983,019943df-d05f-1d97-88f3-a4c884335478,true
699137,0198e04b-41ed-dcfd-cb42-7cb9f71b5870,true
699516,01996c10-9635-9914-5e78-9b63775ec396,true
699963,0198f174-22c4-c86b-a275-7bb0fa45e167,true
707239,0198eb3e-06bc-35f9-e774-80f60dd4b6bd,true
710929,0198dbc8-2177-8d5d-deea-4c12326ccc5b,true
711189,0198df33-1046-1c36-1efd-90062b411605,true
713807,null,false
714084,0198d8d1-1d2a-16cc-4724-8eb9259f47fd,true
714360,0198dc7c-4092-833d-76b5-33a9aac73d28,true
714404,0198f10c-82dc-a378-360d-b1dc807f4573,true
714494,0198e824-b318-98e2-ae59-a8735316dc37,true
715914,0198db52-a05f-2f36-26f4-b65906b4f25e,true
727291,null,false
729868,null,false
743258,null,false
751003,null,false
753638,0198e798-9a3a-d025-47cd-d8575df61f84,true
760567,0198da4f-6e08-8205-05dc-37a4ede4b2ae,true
761052,01999f7e-dccf-2a9e-1a11-c13a9195b52c,true
761082,01999f93-76fa-0d41-5b66-a44d57c056e6,true
766819,0198ddf2-a972-e124-3bec-8eb3c3756a8c,true
771402,0199336f-ec4a-ed20-1eb8-e746076b82a3,true
775104,01990446-70b8-309c-98f5-26d0914cd16f,true
777169,019941ed-53ed-4b2a-1274-7c46825ac57f,true
785015,0198d87a-c96b-6583-c4f8-53a1a0bcd208,true
797127,01999d90-056c-91a1-eae3-51b37d0a59e7,true
798437,0198e27e-2fee-42bc-1f34-edd257d374ac,true
800041,0198db25-8def-daa6-c83c-a488896bbfc6,true
800130,0198d9a8-ee47-1560-2576-7a0997ba3de9,true
801019,null,false
801202,null,false
801234,0198dcf9-7cd6-a72d-9e6e-022fddbd2cf8,true
810350,01994719-d646-ad0d-1f9e-123fba0ce68b,true
813733,0198dba6-44e4-5d43-ee44-f70cecd7e44e,true
815048,null,false
815183,null,false
816839,01990714-e151-bed6-9ef6-f96753189925,true
829078,0198f389-8dbf-db80-48f7-da57f18d7564,false
832276,null,false
834792,0198df03-9131-b501-9f76-687f4e02d27a,true
842363,null,false
843635,01999cec-21da-61a8-d10e-4d998be8f09c,true
844278,0198e632-4967-4252-2c09-2d5d6ec55d17,true
847582,null,false
848515,null,false
853424,0198e971-7886-9ddf-cb17-850c2bc4504b,true
854109,null,false
858990,01995588-d5e1-019f-17b4-910ba3205581,false
859174,0198dee4-4641-46c6-4753-5ae809758ada,true
860783,null,false
860906,019941fd-d886-fb39-a50a-c0e5d31ec69c,true
860941,0198e259-b766-a941-bc47-6e777803732b,true
861365,null,false
862242,null,false
862569,0198e32f-af68-ea5c-1ab9-a34d09d9c6d2,true
863232,null,false
864296,null,false
865968,0198e79c-09ae-de1c-8426-a344696dfebc,true
866225,019967c4-7c16-30d1-6ad3-bea72ffc2b71,true
874988,null,false
876288,null,false
876945,null,false
878414,0198d8fe-4d46-a866-61e8-07c3c7c36c63,true
880480,0198db36-201e-1237-c60f-1aa57867ae1a,true
881861,null,false
883153,null,false
883249,0198f910-b317-2ecb-39d2-e3121e0848b6,true
883491,0199072d-9d7d-da35-c615-2a053f7a9f74,true
884823,null,false
889280,null,false
891405,null,false
891954,null,false
892359,null,false
893640,01995451-f848-adee-7ca5-715ffc03b35e,true
894239,0198d86b-659d-7e0f-6212-2d65fdd3ceb9,true
896504,null,false
897594,0198eae0-0600-4772-b579-07f12ea55c46,true
899335,null,false
899401,01996970-795d-0e4a-9e0b-be0c4e39aa70,true
900698,01999ec7-44e7-bad1-6edd-c34a0cf0a6df,true
900704,null,false
900834,019969ee-d210-3c8b-bb2e-e2da2033248f,true
901163,null,false
903888,01999eb3-6202-0456-2be9-694ca881317c,true
904358,0198f65d-02d3-dc4a-f4d8-25816670133f,true
906896,01990720-863f-48b2-0629-9e1e3ca8ae1f,true
911667,null,false
912469,null,false
914793,0198e325-e481-042d-b5ee-98ebdca401ea,true
916220,null,false
916300,0199428a-55a3-fe3f-0eaa-9e5a4ddc280d,true
916375,01994c93-aa92-3c9a-37b3-27922e4f945c,true
916681,01995199-71b6-a5b3-4b7f-ac4d8b1288aa,true
916801,01994af7-e64a-86e7-2188-7c1cc05204f7,true
916896,null,false
918572,0198da83-5274-218c-d70d-de2d978fc7ba,true
918783,null,false
918863,01991b08-8a01-5861-40a6-624776948e55,true
920022,null,false
927370,0198d8eb-cf02-a31d-4e93-e23f24ddfdcb,true
929910,019985f7-dc40-91c8-eb60-fa5ed1636892,true
936384,019989e3-c538-afaa-8809-748fe0c9b970,true
936426,01999339-b911-0f3f-3d81-d02e0a08f6d5,true
936460,01999dca-eec8-90a5-46cf-5d35f2bbbb9f,true
937195,0198e946-54d1-ea31-ba7e-6193089d08bf,true
938753,01990d96-1fb7-81b3-e5e9-db760fab396d,true
938825,01999316-e8fc-6c57-d32e-54c546717036,true
938839,0199045a-830e-9a47-02b5-11201297ad98,true
939905,01990870-3e0a-4f36-4720-db28162e8df4,false
942623,0199b04d-ec30-7f51-e5be-dcc8252a4daf,true
942829,01999ed6-d594-30c8-a2b1-95892b6953cf,true
943446,null,false
943982,null,false
945396,0199b4df-eed9-00c3-607b-817f1bb694ce,true
946589,01999ec4-4aff-7b83-45c1-81607322a27d,true
946594,null,false
946738,null,false
948587,01999ead-e290-705d-aaef-a281a3d1dbe6,true
948872,null,false
949055,null,false
950623,01999f74-8798-1db4-19c1-3e0eb71794bb,true
950645,null,false
950744,null,false
950794,null,false
952410,null,false
954520,0199a34b-ac44-fb20-c213-ff90f6bb94b1,true
955017,null,false
956355,0199b557-c251-1950-9653-3e2ed3f79a79,true
956891,null,false
958901,01999ee2-057b-8796-b593-4cafad2db5bd,true
961008,0199b512-9dc6-6a4d-f912-cd530ba46d6b,true
963086,01994d90-a6a7-5c95-6d59-839f10329109,true
963422,019954c7-e4d3-a12c-bbb8-99e7f5e65dbc,true
964164,0198ea7c-0cbe-f829-457c-e30d8f297b0d,true
965484,null,false
971967,0199b56e-a8b9-595e-dae5-02f18be33194,true
973035,null,false
973067,01994459-6167-0cbc-7d13-047008115825,true
975231,null,false
977852,null,false
987592,0198ea1a-9fad-446e-6b36-3b5110293edd,true
988152,01990713-9d57-8a4e-7c68-bcc3ecb300f5,true
988833,null,false
988863,0198db2a-fdd3-0879-fb0d-8270d33def77,true
990419,0198da49-ae94-b065-15f7-470e0a2c5586,true
990531,0198d7fe-625a-6578-4136-60d1021d6014,true
990836,null,false
990837,0198e9d3-525e-be0c-8314-84280506dba4,true
995597,null,false
1000135,0198d8f8-53e4-7a48-332c-f1e1f91e5588,true
1001262,null,false
1001313,null,false
1001521,0198dcbd-c38b-d989-dc64-fca1addc5df7,true
1004160,0198d8e5-edd9-830c-652c-727e284b91fa,true
1006335,01999f9e-b24b-8905-fe85-8226c2550acf,true
1007024,null,false
1007471,01998b1f-0121-2c24-f4c1-2ec777ac5845,true
1007482,0198da5f-92b5-6f15-28e5-3926a0078704,true
1007491,null,false
1009776,01993644-663d-0819-78ba-c1179deb9d50,true
1010681,null,false
1011614,0198dadf-7f13-7054-b767-5c250d8bf43b,true
1013039,null,false
1014466,0199a64f-c093-bb1f-2951-c7034eb2800e,true
1015545,null,false
1015936,01990331-733b-eb9e-a9e4-c2ca1613a7a5,true
1017320,01999ed3-03f0-d6eb-b65d-39a52ed33911,true
1018392,null,false
1018482,null,false
1019588,0198f3a8-494c-3670-0071-4579bf124fde,true
1019608,null,false
1020051,null,false
1020251,null,false
1020312,null,false
1020327,0199a61b-5839-2fd5-d1b1-bdcceb4d1c1e,true
1020372,0199a649-c2d1-a87e-a036-34a78b75ecf1,true
1021362,0199a659-259c-19b6-c403-c7a96bbf8dc5,true
1021392,null,false
1021423,null,false
1021665,0198dbcf-705f-cd2c-fb42-217cf47e8803,true
1021719,0198f56d-a892-f7ee-4021-99b54f5e2fa9,true
1022078,01994f3c-da8c-468d-3d3f-7908951b1117,true
1022100,01999f71-a3c6-3c43-37ae-bfda581587b7,true
1022257,null,false
1022933,0198e865-fa15-d941-5d0b-d1ec20ba405c,true
1022980,01999f6d-4c56-928f-8b9f-d9ce454a2a06,true
1023008,0199b546-e0b6-6b7a-01c7-8c80c8e68735,true
1023672,null,false
1023876,0198d97c-bdbc-0c76-e02a-6bd9f9321ff7,true
1024203,01999f92-fb50-3d79-040c-75eed873a23b,true
1024638,null,false
1025297,null,false
1025388,null,false
1025499,0198d8e4-71e2-ae62-84d6-467b39f0c868,true
1025673,null,false
1025718,01999c4f-8e90-9266-affa-36ab158cfb32,true
1026757,0198d87a-da5d-a610-8f5f-e350bec94066,true
1027770,0198dafd-84f5-a087-8410-ed8c9cd1604d,true
1028055,0198fd32-3004-89d1-fd6b-a637b04e6ff8,true
1028434,0198e043-fc41-48a1-e25b-8f1e30f8590c,true
1029409,null,false
1030802,0199e6ee-1848-68f3-fc08-ccf32f173b0c,true
1031263,0199e751-9881-3b67-14ad-77cf03f28fd0,true
1031494,0199e946-f3f7-05e3-70ff-89d6e8588e37,true
1031539,0199e956-ab0d-ad57-a7e1-a315fda03f09,true
1031569,0199e964-53bf-3d92-64ac-138d02afe416,true
1031876,null,false
1032166,0199e968-f1be-b5a1-a42e-c8f7dba8dae6,true
1032837,0198dbba-b577-2bb4-c5cf-60d6272ac101,true
1032859,null,false
1032890,0198dbb6-03a1-0b7b-cb32-91d309d226c3,true
1032906,0198f699-5401-fe95-196f-da8f81bdb773,true
1033242,01998713-0017-333d-c340-460df6f53539,true
1033599,0198d864-03c0-e207-13a1-6d219ac9e412,true
1033695,019986fa-191f-7d3c-f978-036660847cfa,true
1033941,0199937b-c16b-9fd5-a75b-0c164f9cc990,true
1034030,01999460-506f-7ef2-7651-b582733183b7,true
1034673,null,false
1034886,01999389-400d-007a-036e-fc5740f386d6,true
1035008,019993e9-fbbf-cb2b-ae8b-9bd4a6e12cdc,true
1035065,0199e97f-8e22-d8a7-9a56-95b9c53ec81c,true
1035111,01999420-f60d-a3bd-6ded-b3a5c1f1e148,true
1035144,null,false
1035215,0198e263-1c82-daf8-b134-90d07506b480,true
1035350,0199e6d7-5c98-6063-9235-365f87836935,true
1035650,0199944a-f854-8269-85ea-a747cbd45c14,true
1035654,01999430-faca-1cab-f7db-c47285534cbf,true
1035815,01999366-2f08-95e8-cb47-71798e318b40,true
1035837,01999521-a9ba-76e8-6e6d-f81811ec9738,true
1036011,01998804-7cad-201a-fd62-4c19ef8e63ab,true
1036046,01998814-4317-1dcc-d5fa-ce8aa56a18f4,true
1036109,0199955b-028d-cea5-7bed-84fd1599a546,true
1036837,01992134-7484-205b-81af-15a630a78565,true
1037985,0199da43-8262-376f-c470-a6a9f1c81a5c,true
1039217,null,false
1040937,null,false
1041111,0199a42f-1072-bc9e-2c38-613d1a9bd4a8,true
1041216,01999f44-99f1-f10b-7455-de4ddf716c4a,true
1041579,019949db-be6e-bd0b-df56-d42dba3e6786,true
1041604,null,false
1041957,null,false
1043388,null,false
1044122,0198dfa3-4027-a1fb-f57b-5aefb086df63,true
1044143,null,false
1044256,null,false
1045191,0199466d-aa75-c761-d026-34733820baca,true
1045300,null,false
1046191,0198ed9e-a2af-435d-23e1-7ab6bcf725a1,true
1046533,null,false
1047331,0198da06-8e60-2cac-2435-afc4702c0f6a,true
1047423,0198d864-3abb-7bf4-5dab-a5c457a571bd,true
1048400,0198d898-0b38-e746-35c0-24f422947f9d,true
1048927,0198db93-d6f6-4d79-e55d-aeb3c5fb5e5a,true
1049927,0198e578-d518-359f-51b1-e442ef8ff22b,true
1050026,0198db86-471b-ac47-d0b8-73f7c44199b7,true
1050955,null,false
1051182,0198da2b-bc3a-f0df-7775-9ebb0c4e5989,true
1051818,01994212-82c6-d258-b4fb-f10c5a71f97f,true
1051902,null,false
1051962,null,false
1052043,0198daab-a459-2d38-c5e5-b8146d1e8eb8,true
1052054,01994874-c99f-343a-0d75-e7086bf1d298,true
1052444,0198d926-0219-c627-af3f-9c68250160dd,true
1057524,0198d952-0516-8443-3849-cca9d0f8c557,true
1057657,null,false
1058551,0198d85b-9d3c-9148-dad5-92cf8bcba2b1,true
1058970,null,false
1059327,null,false
1059355,null,false
1059930,null,false
1060184,null,false
1060417,null,false
1060659,null,false
1060895,0198d6a3-1728-ac94-0970-9ccd6b1df591,true
1061136,0198daa0-4676-2ba1-2b7c-5a69154f8ec1,false
1061826,null,false
1061984,0198dbda-845f-5903-0f9b-42b4c2c0a9b8,true
1061997,null,false
1062428,019907a2-cdf5-7e9c-bff8-64771a447810,true
1062491,0198d9a8-b0cd-ae47-d1e2-6a8769208ab0,true
1062519,null,false
1062523,null,false
1062606,null,false
1062889,0198ec2d-9800-b877-71e3-e401f8e01e95,true
1062976,null,false
1063244,0198e12f-ddf9-48c2-4b13-e635c99f4ccd,true
1063314,null,false
1063369,null,false
1063372,0199496a-8f09-a82d-333a-090f3e51b46e,true
1063575,null,false
1063633,0198e4f4-7925-83ac-11bb-0cabf55766e2,false
1063823,0198e077-14d2-77b0-5397-521fe41ef04f,true
1063968,null,false
1064198,null,false
1064586,null,false
1064616,0198e0c3-e94e-a169-d1de-7cb1e2dfe057,true
1064786,0198e735-af9a-eb74-d885-b39ca4840d99,true
1065161,0198dc45-0c35-75ba-81d6-74ca179a0b30,true
1065244,0198e039-0875-10fd-7075-7d3f6569d439,true
1065272,null,false
1065383,0198dddb-1832-e26f-4610-5a5652e02028,true
1065521,0198d864-d42b-00d1-f717-e3cd693c71c6,true
1065937,0198dc5a-d96c-8c8b-fd7a-f83a5d2e476e,true
1065986,0199b559-2199-c264-15d2-7162818d29d1,true
1066181,0198ee15-773f-60f5-a20b-6956a9a0b0fc,true
1066894,0199122e-3606-07c4-d350-443687a31a84,true
1066994,null,false
1067234,null,false
1067297,null,false
1067404,null,false
1067510,null,false
1067566,0198daf2-6036-c45d-2348-7bf41c1920ab,true
1068462,null,false
1068557,null,false
1068766,0198e850-8a04-7763-e80c-94b8f9caea3c,true
1068837,0198dd05-0cae-3799-48b7-c28779014f3e,true
1069373,null,false
1069453,0198d84a-214d-edb8-7b96-274644455d63,true
1069875,0198fb3a-80b5-e48d-686b-cbcdc7e040c5,true
1070171,null,false
1071109,null,false
1071254,null,false
1071360,null,false
1071402,0198db0d-93c2-a07d-f038-6bc6f4398ec4,true
1071495,0198d855-7a6d-2839-0349-b59220c202fa,true
1071697,0198dfe8-948e-aa04-a126-0885f598e673,true
1071951,0198d83f-fc3e-2162-ad99-452bd4f90545,true
1072082,0198e698-b54c-4697-58bc-1bd97b3b2d59,true
1072545,0198df01-9484-638b-034c-87bf38befe42,true
1073262,01994896-3b29-297e-59c5-d8001ac3b2d5,true
1073295,null,false
1073772,01996afd-a595-dc60-abf2-76e230194179,true
1073964,0198da64-860e-da8d-0fdc-66fc0744eb83,true
1074471,null,false
1075155,null,false
1075899,null,false
1075980,null,false
1076109,null,false
1076277,null,false
1076639,null,false
1076708,0199437d-1a8b-9f2d-39d6-c9e25680179d,true
1077121,01994558-4898-0c62-4ada-5a6b0119e4d8,true
1077267,0198f662-6bea-9b24-4fa7-d12b33af9815,true
1078880,null,false
1079896,0198e440-05a7-c21a-c6b3-e3eb902ee94b,true
1080101,0198e8f4-3685-cbe9-dd85-fec32801fca9,true
1080932,null,false
1080960,null,false
1081089,0198d7e5-d81b-026a-fc7e-0f876685e34b,true
1082301,0198dd07-9418-e153-7d54-8632f9f4874d,true
1082427,01996cdb-d335-8d4f-722b-111019186fe2,false
1082473,0198db7e-43c1-c6a2-a85d-6a3fd4126135,true
1082699,01994315-f629-c06e-140c-e869bbcb1500,false
1083575,0198da9f-ff57-568a-3478-8a93c72dc264,true
1083953,null,false
1084238,0198d7d8-958e-0fff-1a0b-15f07905214e,true
1084242,0198d914-1ca2-ff84-fd34-b1dfb948cf43,true
1084556,0198ecdf-f94c-bf3a-2d83-967397c28e36,true
1085587,0198d84b-ae1d-aeff-02e5-c4808e4b271d,true
1087648,null,false
1087727,01990543-abba-6817-14ac-1d4f035be3e3,true
1088071,01991527-aac3-6c85-f78a-553a14d177fc,true
1088084,0198f42e-4924-91d0-4546-b8caf972a20e,false
1089042,0198d8c9-200d-8ee8-132a-71eb724abd34,true
1089588,null,false
1089601,null,false
1089808,0198dde3-f8f2-6503-73b3-a9eff44c2616,true
1089879,null,false
1089947,0198da87-a0f9-a997-9a12-3cb8e18d88ae,true
1090458,01994aac-8569-8e44-b34c-3d12a1417a98,true
1090707,null,false
1091228,null,false
1094033,0199558f-d759-bb35-c0f3-8fc02330718b,false
1094898,01994468-e551-5d14-e446-fb5b762c87d2,true
1094952,01995361-2ccc-8d7c-e6b8-ff10d90ac5a7,true
1095189,01995375-6521-dd3c-d479-c91489c182d9,true
1095588,null,false
1096111,null,false
1096409,null,false
1096495,null,false
1096586,0198dbab-b471-fdad-98d6-6257a8469d04,false
1096662,null,false
1096867,null,false
1097199,0198da9b-3a73-1cf0-91d3-d9b515f31ee6,true
1097226,0198db8a-2a13-c396-7a64-4e2173683477,true
1097344,0198daf2-a592-a504-cbd9-5518d23ef7f1,true
1097410,null,false
1097460,null,false
1097608,null,false
1097997,null,false
1098172,null,false
1098270,0198db97-09f5-965d-f27d-d5c669269d05,true
1098401,null,false
1098634,null,false
1098640,null,false
1099138,01994e75-b852-4086-0439-f627e0b1ce15,true
1099254,0198d857-32de-ce54-d267-e031077767ab,true
1099357,null,false
1100056,0198db47-072e-e200-1d67-1c0836ded4d1,true
1100084,null,false
1100664,0198df43-67d1-c0ad-9140-863429dbe689,true
1100918,0198db67-01a7-dfc4-9d60-b21d26f422e8,true
1101226,0199558d-55a4-2a15-b923-f668420b9e28,false
1101439,0198db66-0c8a-ac61-775c-efab5ce2e0d6,true
1102564,0198d93c-fc42-857a-47b8-10204c6623e4,true
1102680,null,false
1103596,null,false
1103675,null,false
1104823,01993867-d774-9151-9857-ce22ba779da9,true
1104919,0198deed-9fcb-d59e-29fb-960fa9664479,true
1104985,null,false
1105526,01994d0c-82f4-b040-d889-45fac0f7692e,true
1105934,null,false
1106254,0198ff28-6329-a975-599d-1b6a9128c03b,true
1107073,0198d84c-1d5f-f625-88e0-921932b77052,true
1107122,01996225-9ac0-4e1c-2fda-da0807cbb345,true
1107253,0198eaaa-af9e-8401-4b92-b8a54aefb8cc,true
1108383,0198deb4-c099-963e-5fb0-65367ba37398,true
1108513,019955a3-d680-8788-45bc-bcecf1a44ac3,false
1108574,0198d844-703f-b8be-51a7-73ff33db750d,true
1108840,0199b1e0-b421-e009-1e04-e01f2819d98a,false
1109926,0198d93c-c13a-df7b-bcf3-1f781e50d9eb,true
1110130,019904e5-4a26-e115-38b8-3ac3f6209cc5,false
1110155,019909eb-8c87-68c0-fa20-ccf98078c290,false
1110352,0199559a-bc10-2601-8a41-39a50e3871e6,false
1110369,019955a7-8b26-8656-4197-537b3cc18504,false
1110373,01990c12-0f9a-fd95-06db-3fd3457c486f,false
1110376,019955af-85d8-8f9b-1ab2-4762ca2079d1,false
1110415,null,false
1110519,null,false
1111007,0198da2a-b7d2-4c5a-49fe-3f7d8f1c7544,true
1111083,0198edf5-775e-9256-20fa-d7025154958d,true
1111249,0198e3c3-36eb-5e5f-906b-5869ab369498,true
1111623,0199b577-98ed-307c-6bb7-70f869c9857b,true
1111706,null,false
1112280,null,false
1112346,0198f837-89de-0555-9c8c-cb7c4c81717c,true
1112351,0198da4d-b724-4e2e-832a-c24f15d455ac,true
1112709,null,false
1113814,0198db33-5849-a2dd-8563-89425e53c3ae,true
1114083,0199aa57-dcef-df62-6cfe-bfca1c521238,true
1114449,null,false
1114854,null,false
1115790,01994092-333b-ceb0-dce8-8a9576c4921a,true
1116212,0199498d-53f6-5065-cba5-1dd79167dd70,true
1116586,null,false
1117014,0198da70-3add-0b87-0f04-09ab0a682b3f,true
1117240,0199ed11-5fde-a73b-4393-51957d0de386,true
1117392,0198f253-429e-1f38-dbb4-a48fb4bb1296,true
1119123,0198f4fa-0823-dddb-aff4-1ae5b1185044,true
1119677,0198ec8e-7994-e6c2-dfa1-e8fd607b8635,true
1119914,null,false
1120018,null,false
1120100,null,false
1120388,null,false
1120882,0199b1a9-3ed9-797a-5dfe-4b04199f6eb9,true
1121859,019955b2-c584-bc3b-5474-eac186e95550,false
1122240,019955b5-9e67-3b9b-8169-572f2ed8c08b,false
1122434,019955b8-862e-b66b-a77d-4d760f25dc9a,false
1122467,019955ba-f0b8-cc0a-1096-4a658aef40e4,false
1124875,01994f4c-a965-2a37-d913-357083a1bff3,false
1125965,null,false
1127687,null,false
1127743,null,false
1128531,019956a5-6ae5-d61e-9013-af0a436f91b4,false
1128585,019955c1-0641-534c-6919-9ef9bae19d63,false
1128608,019955c2-9b28-c1e1-8e0a-5cfe2cc725e4,false
1128681,019955cd-c827-cca5-e661-09fcba31f5da,false
1129279,0198dbaa-e87d-9e8d-d5a6-0da14243838f,true
1129770,019955ce-627f-ffae-aaf2-54ea1a9d79f0,false
1129776,019955d5-95f5-9be8-ddda-16df422868e1,false
1129785,019955e2-0045-b862-6436-3bbbd0a21bed,false
1129794,019956a1-61ba-5249-7506-1392016c5bc4,false
1130087,null,false
1130374,null,false
1131224,0198de04-9f85-eaaf-a51d-ac020d4f98c5,true
1132520,019955bd-e66f-6cf6-7d1a-5625eddfb394,false
1134700,0199947f-63cf-be48-cbdb-bf57ba716406,true
1135579,019956aa-69d3-8b26-3d5d-8d1904945fcc,false
1135805,019956b4-054b-9c90-2c50-c1905e2eeee8,false
1135812,019956b1-090a-1507-2c89-f96446310b1e,false
1135818,019956ac-ec7e-6f3d-a073-c21b161b3e59,false
1137130,0198e85d-ac13-1296-bf36-300dfea2fe95,true
1138067,null,false
1138089,null,false
1139173,019951d0-81b2-6b24-be8e-c80c1e41202f,true
1139422,0198f0da-5ae6-8054-e1c9-318b605c4808,true
1140699,null,false
1142054,null,false
1142539,0198e07a-3375-312e-5a02-ff1541d4b1e4,true
1142541,null,false
1143742,0198fc00-64aa-ee56-b12c-63a39b9bc5b8,true
1146199,0198d883-78dd-d6af-817f-32149473f902,true
1146690,0198ee85-977e-b47e-6b44-18e3cef79ae3,true
1147547,0198e1a1-7776-6ba5-4fa4-f60152086bcd,true
1147953,null,false
1147967,null,false
1148083,null,false
1148322,01999cfa-712f-a742-7de7-c78909d2b7e2,true
1148442,01999f7f-fab7-b63d-658a-b725173d7933,true
1148597,01999496-bcae-fccf-ae94-361510537f9a,true
1148719,01999fa9-e1ca-be26-d887-8e862fad7c03,true
1148810,0199a4a8-eb48-3985-09a2-397947e656b8,true
1148912,null,true
1148924,019945c0-8710-3894-e11c-be2c83d10a04,true
1148944,null,false
1149201,01999d60-f4c8-d9a3-50f9-cf81860e93ae,true
1149567,null,false
1149676,0199a622-1702-4d31-9a55-e04a4c161243,true
1149737,019963ec-e5fd-001e-367c-fb71327998be,true
1151363,0199a647-c140-a910-3b3a-7bb741079fbf,true
1151376,null,false
1151381,null,false
1151394,null,false
1151424,null,false
1151527,null,false
1151802,null,false
1151961,0199a369-a182-1ef9-518f-d4521fb44045,true
1152116,0199a350-dc2a-5d6d-7f1c-5c66ed7a26cc,true
1152198,0199a3c2-a16f-228f-3fac-37fafef958e5,true
1152215,0199a3da-4030-a1d5-3666-e1d821bb6eaf,true
1152218,0199a3e9-b5db-425b-ea25-de3908c2c34f,true
1153683,null,false
1153687,0199a3fd-fad2-b4c4-987a-2a184ba0c903,true
1153694,0199a417-33a2-efc0-af41-16916d0dac75,true
1153887,0198f5e5-ee2e-3a90-8a5f-ac36c04c4823,true
1153899,0198d88e-eae9-62ca-184f-78b12eed3cc3,true
1154175,null,false
1156140,null,false
1156515,01990446-ec33-879a-d27e-f8b11535bba3,true
1157588,0198fc5f-0b94-4600-c52b-0a4ed88d0bfc,true
1158026,null,false
1158653,null,false
1160259,null,false
1162868,019954e0-8e65-b741-fb66-debbb94f2a3a,true
1163132,null,false
1164313,null,false
1168521,0198eac6-e7c3-68e3-ebdc-cdd02a04d957,true
1173613,0198ec62-71c9-c6a1-a789-569513da559c,true
1179160,0198da55-57b8-5ccc-a265-34771e48c235,true
1179333,01994cff-6fe7-7992-a50e-0025ae1bce96,true
1181860,019975d2-fcb9-bcf3-c465-d27ca817af8e,true
1185343,null,false
1188305,0198ea95-68f7-50cd-23f3-41b82bc73fb4,true
1188544,null,false
1188553,null,false
1188728,019949c3-f07c-52ca-1398-b6dd8b61e5fd,true
1190170,01991d1e-795c-d279-f150-e0556eff7f9e,true
1195611,01991058-81e4-f3cc-5d55-b6c3e0790728,true
1197295,0198d929-4b77-91a2-42f1-cc84e29a6eaf,true
1198216,null,false
1201863,null,false
1201876,0198de6d-5090-62b8-e390-762b6266ae0c,true
1202638,0198e50a-548d-fc55-b724-eca83927a3bf,false
1204157,0198dced-9d1d-8289-f50c-11c8e0c746c1,true
1206879,01993878-1e09-0a96-714c-226631f1d4fc,true
1216112,0198dac8-2e6e-6183-ce0d-43c2d4e460be,true
1217416,0198db17-511d-76cf-309f-40f9a545cf84,true
1226965,0198fb2d-68ef-d37f-7479-0ccff27ffcb4,true
1227930,null,false
1228357,null,false
1235284,0198d850-8e74-f975-aa7e-a34faaea2cc1,true
1238572,null,false
1239898,01994683-e909-0ea2-cade-2dc1f5211d25,true
1247542,0198f251-d071-c886-452c-4c5485f5c8eb,true
1250625,null,false
1251740,0198de7e-3c61-e759-e57e-bdd2824aa44c,true
1251861,null,false
1253015,01992ebe-ceb7-52b9-0fb8-603372ae3fa8,true
1253174,null,false
1253568,01990716-cd5d-cd3f-1e82-883cb13b1d7f,true
1256984,0198d87c-537d-3b3c-fd33-b2fb1acef40a,true
1262617,null,false
1267233,null,false
1267380,null,false
1269738,null,false
1270647,0198db1f-235d-6f67-2653-39c38dbc189b,true
1272561,0198d87b-85bf-7b99-350a-7b795a666a4e,true
1273475,0198d851-4ad7-a93c-4563-e439f2102e2c,true
1278135,01995774-5aa6-c219-33b4-7401ea20e73c,false
1280548,null,false
1281578,01994d53-dc5f-7cb0-823f-ef7031df4744,true
1284291,0198dc98-20e4-c29f-5ec7-af53c319dce7,true
1290522,null,false
1298050,0198f96c-4046-7934-e1f7-f47f2d24cce7,true
1298324,null,false
1298346,null,false
1298424,0198e796-5143-0036-adc1-0a059d52d930,false
1301081,0198fa47-cc77-340c-b24e-1488710fb577,true
1302957,null,false
1303849,null,false
1303988,0198ea31-40db-8270-f170-ca6b79a20dfd,true
1304029,null,false
1304231,null,false
1305941,null,false
1307514,null,false
1308463,01995754-0f46-aec3-1d8e-01eeffcde7a7,true
1309454,0198ef5e-831f-d3ae-5a69-46b9b300f03b,true
1314216,0198ff05-bb61-6659-295d-ffce74b0c604,true
1314310,null,false
1315113,null,false
1316984,null,false
1317071,019914c3-3cc0-38b3-ed5b-96119f87e5e0,true
1317075,null,false
1317332,null,false
1320246,null,false
1322638,019954fa-f329-cd22-298b-fe8016986758,true
1322990,null,false
1325289,null,false
1326444,0199422f-72ef-9907-f325-d3b397a67550,true
1328195,01995751-0514-cddc-b37b-74acd9aed44f,true
1328604,019941ce-1050-1c35-a090-45eb7f2bc4c2,true
1329394,019953f0-18b7-58ca-0260-b9ffeea07127,true
1329427,null,false
1329481,null,false
1329626,0199466b-6fc6-af51-4c08-45c2e7381ea8,true
1335701,01997400-e902-6501-30b3-1d4721477159,true
1336056,01993f73-a45e-bc3c-6fa2-494d79b5f1f7,true
1340791,01996324-0bfb-78d5-3533-bf8b35c56a8c,true
1352188,0199914c-68f4-6294-26c1-6b1e212519d7,true
1354079,null,false
1358216,0199a6a3-7a86-a221-a2d7-226f0baf6d50,true
1358670,01999b98-8ff7-d642-e360-fa19b0738b56,true
1364266,null,false
1365699,0199adb4-03c8-287d-a19e-9aba075a5528,true
1369645,0199dc2a-2594-2e02-5463-543429c7ee67,true
1369805,null,false
1374698,0199d5a5-43ea-439b-99be-5aa69c9d875e,false
1376462,null,false
1376511,null,false
1378035,0199db48-9f09-d3d5-dbdf-77e48ef13b75,true
1379290,null,false
1379528,null,false